{
  "raw": [
    -17.0439957733755,
    -36.77881710389013,
    1.8594943496106993,
    45.49308795726296,
    -20.51033124232508,
    93.36809161969569,
    -99.74240833399428,
    77.32072413367709,
    -50.45001705956844,
    2.086198723724621,
    69.80584786605942,
    46.65940536625192,
    11.031009362254935,
    23.565231119798895,
    -49.4147403372768,
    76.38111730410193,
    -66.88933025900866,
    -85.4115057101781,
    -26.27319063977565,
    -20.150966689246474,
    -7.922856374764621,
    17.559127207421767,
    -74.84882330087237,
    -98.42967736054804,
    52.04241902258124,
    -78.22367781192214,
    85.08504024185814,
    31.020310621357794,
    27.520298420879968,
    22.90571538814936,
    -32.71095271701829,
    37.8158678932254,
    -30.567444047475334,
    -17.150697341106152,
    -75.51684968478212,
    -91.28245951832538,
    -76.4761204529741,
    34.66174155435215,
    40.38263276978475,
    -30.67037750177421,
    -75.77308814627287,
    16.99286017536801,
    76.9395645798198,
    -40.742720690051094,
    -20.744223493913893,
    84.2909424736826,
    82.01990465794532,
    -96.57150707307491,
    -93.34329422343788,
    -8.753546367648795,
    55.56053995222243,
    54.914683480365596,
    -64.26047877297454,
    -86.29790419085575,
    -66.9874979592618,
    36.5650151156411,
    -35.76399287070977,
    -97.40680127142912,
    78.47501413741537,
    -39.75764505096828,
    75.74697719257847,
    3.248781568255282,
    -34.459957322432146,
    -35.821142981345915,
    30.402031138328255,
    -23.284371588214555,
    2.4993389268881145,
    69.94991404497347,
    -40.44054986223136,
    5.373896480993423,
    -95.0881697918019,
    36.62786910814893,
    97.25084224808606,
    29.164392838287824,
    66.76515220818104,
    -46.367520288984295,
    54.49358893047281,
    11.626015685184981,
    95.44725139787292,
    -43.458764227611326,
    -79.13251927595337,
    -80.64840875535944,
    -70.27670900012326,
    -83.34273492194984,
    57.669769438095415,
    -80.5306760196097,
    58.49521871147397,
    37.21960966386831,
    40.433764100982614,
    98.39083234198307,
    41.81728815758271,
    78.8351630421713,
    -80.57539318968338,
    0.9330932992285454,
    58.86395798124565,
    84.2394094923201,
    24.909585712261332,
    88.98969224437295,
    9.5887851866799,
    -54.55377195482427
  ],
  "output": [
    5,
    4,
    5,
    3,
    2
  ],
  "function": "Identity"
}