{
  "raw": [
    -59.26154620671875,
    -4.742909865955582,
    80.38831019200995,
    -74.51503875179228,
    -14.99854301593821,
    -17.73952969078401,
    91.96667475735936,
    -0.6379038173271567,
    22.426219355054272,
    -40.641819703470894,
    -44.71233476479686,
    -18.1480885028799,
    64.28719686484484,
    19.433676829673246,
    17.54724876513471,
    8.5738517161533,
    -66.64426309363839,
    -7.0380732207876235,
    84.73970701289073,
    -92.72910658213843,
    1.8348029422650995,
    -19.654253260569448,
    63.01556138714216,
    81.73516266509759,
    -45.91580754491695,
    43.982260151855655,
    48.000263388916096,
    -71.01870518089449,
    -49.13396155225862,
    -8.845078291696268,
    82.81025640861677,
    -81.78840752730466,
    80.4967222538379,
    -53.345409880483594,
    -34.49691852157608,
    62.76011295973473,
    -39.611100994502,
    -71.03825473154444,
    92.89894302462767,
    -35.156159616635165,
    27.662388520263278,
    25.83233267980711,
    21.408017358815925,
    -6.949524230315433,
    -97.64656349954069,
    40.30317331202602,
    -15.919438867465516,
    -23.671229971723847,
    42.936703473371296,
    0.3129105872432376,
    65.61039253522893,
    -29.311887118149116,
    -94.16425318250097,
    -71.22626960132018,
    -45.66866456245662,
    2.557463679028743,
    -55.6494058102043,
    43.85335066369163,
    28.764914010988235,
    25.332402342315618,
    -75.25573404986716,
    -74.65578824567757,
    33.92590679265649,
    3.7321766765705036,
    -3.8222212749610947,
    -94.23745970191528,
    67.15123729502037,
    42.98175551961475,
    -45.8683107498594,
    50.831183251997686,
    -67.53463077174224,
    -84.4924672330432,
    83.7363714673358,
    -57.12882662555418,
    64.4217690636882,
    26.281923066462838,
    -73.51813041375097,
    -80.18336345540095,
    3.5165120905630545,
    -25.200217378265236,
    -15.607641846452552,
    21.296351939273677,
    64.24582833033543,
    44.33551970396283,
    79.61273224754893,
    -56.62855272985181,
    85.30093683008454,
    -53.020835368567255,
    35.93069126208462,
    -94.54218410840356,
    -26.1597278217439,
    52.59267827231625,
    53.911566122282295,
    89.30474605911473,
    -27.0511468771696,
    39.427246467072365,
    47.1330456984638,
    -85.82691737981271,
    -43.42545250887267,
    -10.236443478331907
  ],
  "output": [
    5,
    4,
    5,
    3,
    2
  ],
  "function": "Identity",
  "hashCode": 0
}