{
  "raw": [
    19.290899495349063,
    46.7482500323588,
    1.8165278437956434,
    49.203262456637376,
    68.28129435692236,
    -74.1120635118028,
    -22.133731504163762,
    -13.338482340855446,
    -11.650623252787568,
    13.031028002332228,
    -63.57045903570861,
    35.1488178283242,
    53.742490501205694,
    20.348671013435684,
    -26.947753323782855,
    -63.83966327171291,
    -52.71013812246154,
    -61.954311686820134,
    -52.76294054585932,
    16.19566184106091,
    12.84939091484528,
    67.01010888302024,
    -59.75222867262465,
    -3.2033996951771977,
    58.47680718523044,
    37.93163379622289,
    43.470966554082636,
    -47.86611813933848,
    8.218627753027496,
    -33.50494224484237,
    55.592538417746994,
    62.19447650069375,
    26.149753233971857,
    32.727595896516334,
    65.44796588799886,
    40.86027173914937,
    29.392409062483793,
    -55.897601690732344,
    44.673992281836405,
    20.48516785155512,
    50.43262561741716,
    -12.203349971734067,
    -17.046881161845562,
    38.1372419745962,
    39.86751898300456,
    2.4837680393608395,
    39.81003332338959,
    44.604840648343604,
    -55.6204910537646,
    -40.44695463180563,
    69.33304046116972,
    -37.843477876535644,
    26.996300597075923,
    -6.860671855719094,
    -43.61689247687216,
    -45.067175522042454,
    70.8703913780628,
    20.028942291175824,
    31.37824900245783,
    33.21432985965629,
    22.04121589833852,
    20.43474550803547,
    -19.89816151069641,
    -57.39786034383252,
    -19.909230039726474,
    0.6282736440184448,
    29.57409299586172,
    60.81061275483292,
    8.389121979254163,
    19.824233277513624,
    59.93717971203333,
    -13.642104153821535,
    -67.63178077405165,
    64.4716181400773,
    -62.45210294383885,
    69.73637197773962,
    -73.08654504472241,
    40.682165688829535,
    -46.211650425471205,
    54.59886490332812,
    -38.388824161369115,
    -47.98804031124898,
    -32.41586147386512,
    -22.819651957422586,
    -4.840812286320021,
    50.394809697640454
  ],
  "output": [
    5,
    4,
    5,
    3,
    1
  ]
}