{
  "raw": [
    24.82004962729028,
    -9.22286487959975,
    -31.769298511963427,
    5.1353511538234,
    -6.84578963834004,
    16.12235320410893,
    -20.466313753557877,
    -0.4822339344192592,
    3.118649048714989,
    6.194244331640947,
    -11.252662376736163,
    -5.641174467082365,
    -22.142944813798586,
    7.838384112630759,
    -7.622610437159194,
    6.351883096649232,
    -15.210764344286636,
    12.972235372416403,
    -3.1919677033422698,
    -5.321440970273409,
    26.15090811263328,
    -13.317013906744638,
    -3.390569253009933,
    12.21480904963551,
    5.153966618028262,
    -0.03504140093935426,
    -0.11977719253877028,
    -4.418943318796523,
    -18.23964889357204,
    -0.8450921270035043,
    4.721992944881375,
    -2.3321084489773076,
    2.2744226181270353,
    3.7381701065185773,
    -20.968877530243102,
    3.7236508726788866,
    -23.849911998203943,
    4.073764670975211,
    -7.429882590520647,
    -6.865501080852467,
    23.507420008617096,
    22.84448378391962,
    0.1668355395626977,
    -2.742029162859568,
    11.43275277483924,
    -16.3457999311504,
    -5.7328500484942415,
    -3.826375114558786,
    -3.0007512724923995,
    -9.415604495526848,
    6.863537564979541,
    -8.510315643791937,
    -17.268076029330356,
    0.17337767131676252,
    -13.96503587631881,
    -3.3053323843427247,
    -9.706274870412917,
    3.0597958999725825,
    6.569762121236496,
    -14.97549013451023,
    4.091820122248979,
    -3.893393219809739,
    -0.0646910370060399,
    -6.395044654086423,
    -23.22134553829304,
    -6.762088271859396,
    8.285621613260911,
    -1.7742004180591273,
    8.071891447945633,
    -0.36917170110677544,
    10.594402535326214,
    9.707597295325222,
    -10.714789578459353,
    9.0623949330867,
    -6.62485839928199,
    34.01848642865747,
    -9.728876232898449,
    2.411851237494959,
    -8.472272968997359,
    6.456559075850571,
    11.075896258623018,
    4.749272843679684,
    -1.6085822051958623,
    -1.8134529921144127,
    2.336442449016359,
    -15.94461771608189
  ],
  "output": [
    5,
    4,
    5,
    3,
    1
  ],
  "function": "Identity",
  "hashCode": 0
}