{
  "raw": [
    -3.232200634930118,
    8.961046958007021,
    -2.9543099926793257,
    10.064440645949633,
    5.34357832549267,
    -3.380909922897934,
    -7.039374972523277,
    1.3448975756435475,
    0.5918414627458062,
    4.195137110574702,
    -2.4652613794128593,
    -16.717286277217088,
    7.94690829982612,
    6.8689137910461815,
    -0.5307385095207758,
    3.904831110808754,
    5.262370286283716,
    -0.12060697833428952,
    5.281437416140675,
    -7.114039947864482,
    12.17912543904286,
    -3.378426762213776,
    -7.5405555451814,
    4.136745517376268,
    -5.344384948986906,
    2.464884587396211,
    5.294730532659884,
    -6.850014800013988,
    -0.4106939904995666,
    -4.953939395316494,
    12.912200679999573,
    2.1630957333459726,
    -2.152412412460508,
    0.6855773149741906,
    6.437188618026709,
    -8.520961485199305,
    3.0773023138036217,
    -14.12061082751206,
    -0.9361838814921372,
    -8.7048309089827,
    4.304996995916989,
    -10.966670890799016,
    3.1011403133464546,
    -9.117296785224308,
    -6.340089013840644,
    5.889519400710563,
    -3.754346880098841,
    0.0044826989469856915,
    -1.3281206901600615,
    -2.30309319757205,
    0.956973511927059,
    -0.1716501714490802,
    -6.670608491422394,
    -3.141208403994068,
    6.273173864587481,
    14.417872127912222,
    4.584145174881226,
    1.8531432413741675,
    5.2781510723443645,
    -5.883587667942328,
    -12.042648094221162,
    -2.106303951824052,
    3.2037997798577074,
    -2.015243563093812,
    2.5037378157501973,
    -6.463922278511145,
    -12.529541026046449,
    9.562807237989517,
    -6.167116826188341,
    6.088791132329524,
    3.4923199541567125,
    -5.3655586095849745,
    -8.597315860340494,
    -5.213471226754342,
    4.107611428325997,
    17.04254399047689,
    -6.414870336559844,
    -8.610084509755398,
    -1.413649388946033,
    2.725558207978332,
    -0.17452394893175474,
    -1.278288688143752,
    -1.0582186213619043,
    -2.485834567872102,
    0.9728159842861417,
    11.666325369424415
  ],
  "output": [
    5,
    4,
    5,
    3,
    1
  ],
  "function": "Identity",
  "hashCode": 0
}