{
  "raw": [
    68.48734406974282,
    -10.441715934554432,
    13.197996889179436,
    43.49350951393195,
    -19.204963198363785,
    13.708386814670943,
    32.908189748283895,
    0.5915719392257738,
    26.336299427790642,
    38.19637943605887,
    -30.46339329794381,
    -23.665750901101653,
    -5.280342135379826,
    -12.693994549205543,
    -10.126225004905642,
    -29.5361114717414,
    -2.0182178822709798,
    24.915063693094115,
    33.121735301228156,
    15.07737939651294,
    46.45725110406862,
    41.37795991448421,
    8.017193353406405,
    5.9753172424773044,
    3.3918991647379544,
    -42.701786516935684,
    -9.238457906408925,
    -26.20583106922117,
    -5.1044700980805,
    41.86144098699773,
    7.834741647594152,
    -9.435935722056639,
    43.60057054912254,
    24.35849043858604,
    21.94751768530446,
    -11.6096622246156,
    -40.82173620396125,
    28.36838628004049,
    -26.40421538613422,
    35.03746582392634,
    22.443220490040982,
    -18.051219285298544,
    -49.47992509686068,
    10.595636451537446,
    21.297099188070028,
    -25.040086445200906,
    -16.99518998796779,
    -32.35820353950305,
    40.02727526382883,
    7.686136858925158,
    -31.990802458036313,
    2.4008104285276293,
    2.440676763664504,
    -31.9488658044243,
    34.75847233372404,
    7.234023033886928,
    31.54027449260353,
    51.05058509319753,
    -8.81882910224968,
    7.764235266169834,
    15.400520688336364,
    9.300627889411835,
    -31.57714084037297,
    -37.730774396615935,
    16.873483418288544,
    -58.879276141432335,
    -8.525789533341179,
    25.3327729521777,
    41.02093883305882,
    1.2206402706312898,
    -33.66195140189605,
    -44.838757487600446,
    -30.04727484425001,
    -10.942205740987731,
    -55.67754163516655,
    -16.62233617544578,
    -22.780589674281813,
    -43.103533146377586,
    0.36553411320811013,
    10.967740888825238,
    19.045791846148,
    -17.48748311010833,
    43.43685010020641,
    -52.18193866495356,
    -39.2608917496989,
    48.043677287355614
  ],
  "output": [
    5,
    4,
    5,
    3,
    1
  ]
}