{
  "raw": [
    -30.918459373340234,
    28.9501999527238,
    48.186812824082836,
    25.629411866079536,
    -12.661901413720898,
    -51.973708827845485,
    15.004884767515392,
    45.02520097952029,
    -52.23631102216439,
    -9.253309022446896,
    -14.520121499311358,
    21.491711825862673,
    -10.628087493927634,
    -24.68076512884473,
    4.500365308778191,
    19.49275277352493,
    -15.949043112158362,
    12.46446033829654,
    1.9243161232799677,
    -27.170066255547702,
    21.152396447469744,
    -31.91810803239162,
    -15.722392200048128,
    71.5581208479035,
    14.900735700797448,
    10.960943294711171,
    22.565014758645898,
    49.35000960497518,
    36.6321040545843,
    36.26689187184578,
    9.35681487505321,
    20.234677092157213,
    -50.99441435271862,
    0.9497434561795375,
    10.054382226131114,
    -19.731729367624048,
    -21.80566473280124,
    27.678859003110936,
    5.0623672033424745,
    -34.11602140909828,
    -48.200271230874,
    19.99395542161464,
    -10.037118252254022,
    55.181055247481694,
    -25.236145124410022,
    -32.19223222021155,
    41.76950662204324,
    -49.29200535877554,
    12.52075998424555,
    5.205396456311834,
    28.900726540946387,
    -3.68151564101721,
    -8.0781898518563,
    -10.109264269175636,
    31.684923222792698,
    -7.178543821201591,
    -31.167709973440218,
    -14.061584457005779,
    14.53644851945722,
    -28.653955066605853,
    48.25534939292034,
    -6.546907270227447,
    22.037909009215788,
    -42.95598661655282,
    32.654244502824135,
    -30.514125607358633,
    14.010773656699238,
    -42.94631958788281,
    13.766726215406859,
    -50.179493548031054,
    -18.005588994222485,
    -58.1380799175509,
    32.93110884160359,
    10.665478786000218,
    19.10873806473031,
    41.23949807624494,
    -1.7542853852960187,
    20.15473989019001,
    22.489193273572432,
    -19.934096755021688,
    25.70943557686556,
    19.12395884963887,
    11.260296502229615,
    -25.268845711774937,
    0.7177176895748971,
    37.22990085606723
  ],
  "output": [
    5,
    4,
    5,
    3,
    1
  ]
}